{"cameraMode":{"drawMode":0,"name":"Shaded","section":"Shading Mode"},"sceneLighting":false,"audioPlay":false,"sceneViewState":{"showFog":false,"showMaterialUpdate":false,"showSkybox":false,"showFlares":false,"showImageEffects":false,"showParticleSystems":false},"in2DMode":false,"pivot":{"x":-36.769996643066409,"y":29.59125328063965,"z":-3.130735397338867},"rotation":{"x":0.39610788226127627,"y":-0.19086778163909913,"z":0.08452058583498001,"w":0.8941776156425476},"size":120.13937377929688,"orthographic":false}