{"cameraMode":{"drawMode":0,"name":"Shaded","section":"Shading Mode"},"sceneLighting":false,"audioPlay":false,"sceneViewState":{"showFog":false,"showMaterialUpdate":false,"showSkybox":false,"showFlares":false,"showImageEffects":false,"showParticleSystems":false},"in2DMode":false,"pivot":{"x":-0.4689452648162842,"y":6.192290782928467,"z":10.419715881347657},"rotation":{"x":0.39610788226127627,"y":-0.19086778163909913,"z":0.08452058583498001,"w":0.8941776156425476},"size":6.0985612869262699,"orthographic":false}