{"cameraMode":{"drawMode":0,"name":"Shaded","section":"Shading Mode"},"sceneLighting":true,"audioPlay":false,"sceneViewState":{"showFog":true,"showMaterialUpdate":false,"showSkybox":true,"showFlares":true,"showImageEffects":true,"showParticleSystems":true},"in2DMode":false,"pivot":{"x":-0.3947286605834961,"y":3.0583858489990236,"z":2.9226725101470949},"rotation":{"x":-0.06570187956094742,"y":-0.7519456744194031,"z":0.07582633942365647,"w":-0.651553750038147},"size":3.3352348804473879,"orthographic":false}