{"cameraMode":{"drawMode":0,"name":"Shaded","section":"Shading Mode"},"sceneLighting":true,"audioPlay":false,"sceneViewState":{"showFog":false,"showMaterialUpdate":false,"showSkybox":false,"showFlares":false,"showImageEffects":false,"showParticleSystems":false},"in2DMode":false,"pivot":{"x":-8.258428573608399,"y":-3.966646671295166,"z":-0.3315391540527344},"rotation":{"x":0.4647000730037689,"y":0.12903958559036256,"z":-0.06870415061712265,"w":0.8733381628990173},"size":4.369593620300293,"orthographic":false}