{"cameraMode":{"drawMode":0,"name":"Shaded","section":"Shading Mode"},"sceneLighting":false,"audioPlay":false,"sceneViewState":{"showFog":false,"showMaterialUpdate":false,"showSkybox":false,"showFlares":false,"showImageEffects":false,"showParticleSystems":false},"in2DMode":false,"pivot":{"x":-5.40951681137085,"y":4.6313934326171879,"z":0.057379722595214847},"rotation":{"x":0.39610788226127627,"y":-0.19086778163909913,"z":0.08452058583498001,"w":0.8941776156425476},"size":10.373425483703614,"orthographic":false}