{"cameraMode":{"drawMode":0,"name":"Shaded","section":"Shading Mode"},"sceneLighting":false,"audioPlay":false,"sceneViewState":{"showFog":false,"showMaterialUpdate":false,"showSkybox":false,"showFlares":false,"showImageEffects":false,"showParticleSystems":false},"in2DMode":false,"pivot":{"x":0.21560001373291017,"y":5.960464477539063e-8,"z":0.3437246084213257},"rotation":{"x":0.21359533071517945,"y":-0.4834901690483093,"z":0.122917540371418,"w":0.8399602770805359},"size":1.5889322757720948,"orthographic":false}