{"cameraMode":{"drawMode":0,"name":"Shaded","section":"Shading Mode"},"sceneLighting":false,"audioPlay":false,"sceneViewState":{"showFog":false,"showMaterialUpdate":false,"showSkybox":false,"showFlares":false,"showImageEffects":false,"showParticleSystems":false},"in2DMode":false,"pivot":{"x":-21.146377563476564,"y":2.4903440475463869,"z":14.265804290771485},"rotation":{"x":0.2997950613498688,"y":-0.1313917487859726,"z":0.041700225323438647,"w":0.9440082907676697},"size":25.19652557373047,"orthographic":false}