{"cameraMode":{"drawMode":0,"name":"Shaded","section":"Shading Mode"},"sceneLighting":false,"audioPlay":false,"sceneViewState":{"showFog":false,"showMaterialUpdate":false,"showSkybox":false,"showFlares":false,"showImageEffects":false,"showParticleSystems":false},"in2DMode":false,"pivot":{"x":1.503000020980835,"y":-4.020252704620361,"z":0.005999326705932617},"rotation":{"x":0.2997950613498688,"y":-0.1313917487859726,"z":0.041700225323438647,"w":0.9440082907676697},"size":3.354109048843384,"orthographic":false}