{"cameraMode":{"drawMode":0,"name":"Shaded","section":"Shading Mode"},"sceneLighting":false,"audioPlay":false,"sceneViewState":{"showFog":false,"showMaterialUpdate":false,"showSkybox":false,"showFlares":false,"showImageEffects":false,"showParticleSystems":false},"in2DMode":false,"pivot":{"x":-14.070676803588868,"y":18.219789505004884,"z":9.866893768310547},"rotation":{"x":0.33565622568130495,"y":-0.3329445421695709,"z":0.12815257906913758,"w":0.8718309998512268},"size":8.821961402893067,"orthographic":false}