{"cameraMode":{"drawMode":0,"name":"Shaded","section":"Shading Mode"},"sceneLighting":false,"audioPlay":false,"sceneViewState":{"showFog":false,"showMaterialUpdate":false,"showSkybox":false,"showFlares":false,"showImageEffects":false,"showParticleSystems":false},"in2DMode":false,"pivot":{"x":-0.41750311851501467,"y":1.1217249631881714,"z":1.1042784452438355},"rotation":{"x":-0.0799378827214241,"y":0.7069332599639893,"z":-0.0809321403503418,"w":-0.6980844736099243},"size":1.441178560256958,"orthographic":false}