{"cameraMode":{"drawMode":0,"name":"Shaded","section":"Shading Mode"},"sceneLighting":false,"audioPlay":false,"sceneViewState":{"showFog":false,"showMaterialUpdate":false,"showSkybox":false,"showFlares":false,"showImageEffects":false,"showParticleSystems":false},"in2DMode":false,"pivot":{"x":-0.005696535110473633,"y":-0.4335634708404541,"z":0.01978445053100586},"rotation":{"x":0.2997950613498688,"y":-0.1313917487859726,"z":0.041700225323438647,"w":0.9440082907676697},"size":0.886040449142456,"orthographic":false}