{"cameraMode":{"drawMode":0,"name":"Shaded","section":"Shading Mode"},"sceneLighting":true,"audioPlay":false,"sceneViewState":{"showFog":false,"showMaterialUpdate":false,"showSkybox":false,"showFlares":false,"showImageEffects":false,"showParticleSystems":false},"in2DMode":false,"pivot":{"x":-7.15742826461792,"y":0.8726296424865723,"z":1.865067481994629},"rotation":{"x":-0.33191826939582827,"y":0.10412970185279846,"z":-0.036883413791656497,"w":-0.9368247389793396},"size":4.5637288093566898,"orthographic":false}