{"cameraMode":{"drawMode":0,"name":"Shaded","section":"Shading Mode"},"sceneLighting":false,"audioPlay":false,"sceneViewState":{"showFog":false,"showMaterialUpdate":false,"showSkybox":false,"showFlares":false,"showImageEffects":false,"showParticleSystems":false},"in2DMode":false,"pivot":{"x":0.0,"y":1.0750808715820313,"z":1.2927080392837525},"rotation":{"x":0.39610788226127627,"y":-0.19086778163909913,"z":0.08452058583498001,"w":0.8941776156425476},"size":1.4485576152801514,"orthographic":false}