{"cameraMode":{"drawMode":0,"name":"Shaded","section":"Shading Mode"},"sceneLighting":true,"audioPlay":false,"sceneViewState":{"showFog":false,"showMaterialUpdate":false,"showSkybox":false,"showFlares":false,"showImageEffects":false,"showParticleSystems":false},"in2DMode":false,"pivot":{"x":0.2448514699935913,"y":1.9188108444213868,"z":0.9692596197128296},"rotation":{"x":-0.14893591403961183,"y":0.8509282469749451,"z":-0.36478927731513979,"w":-0.34739190340042117},"size":1.8637287616729737,"orthographic":false}