{"cameraMode":{"drawMode":0,"name":"Shaded","section":"Shading Mode"},"sceneLighting":true,"audioPlay":false,"sceneViewState":{"showFog":false,"showMaterialUpdate":false,"showSkybox":false,"showFlares":false,"showImageEffects":false,"showParticleSystems":false},"in2DMode":false,"pivot":{"x":-7.156050205230713,"y":-3.1357927322387697,"z":0.7244372367858887},"rotation":{"x":0.4867991507053375,"y":0.015453395433723927,"z":-0.008655896410346032,"w":0.8733559250831604},"size":7.591789245605469,"orthographic":false}