{"cameraMode":{"drawMode":0,"name":"Shaded","section":"Shading Mode"},"sceneLighting":false,"audioPlay":false,"sceneViewState":{"showFog":false,"showMaterialUpdate":false,"showSkybox":false,"showFlares":false,"showImageEffects":false,"showParticleSystems":false},"in2DMode":false,"pivot":{"x":-2.3596982955932619,"y":0.019118309020996095,"z":9.394102096557618},"rotation":{"x":0.2997950613498688,"y":-0.1313917487859726,"z":0.041700225323438647,"w":0.9440082907676697},"size":10.459266662597657,"orthographic":false}