{"cameraMode":{"drawMode":0,"name":"Shaded","section":"Shading Mode"},"sceneLighting":false,"audioPlay":false,"sceneViewState":{"showFog":false,"showMaterialUpdate":false,"showSkybox":false,"showFlares":false,"showImageEffects":false,"showParticleSystems":false},"in2DMode":false,"pivot":{"x":3.7246766090393068,"y":8.8100004196167,"z":-18.182947158813478},"rotation":{"x":0.39610788226127627,"y":-0.19086778163909913,"z":0.08452058583498001,"w":0.8941776156425476},"size":1.5176384449005128,"orthographic":false}