{"cameraMode":{"drawMode":0,"name":"Shaded","section":"Shading Mode"},"sceneLighting":false,"audioPlay":false,"sceneViewState":{"showFog":true,"showMaterialUpdate":false,"showSkybox":false,"showFlares":true,"showImageEffects":true,"showParticleSystems":true},"in2DMode":false,"pivot":{"x":-0.5662157535552979,"y":1.148706316947937,"z":1.4686713218688965},"rotation":{"x":-0.027774730697274209,"y":-0.9718659520149231,"z":0.1513596475124359,"w":-0.17834673821926118},"size":0.7428721785545349,"orthographic":false}