{"cameraMode":{"drawMode":0,"name":"Shaded","section":"Shading Mode"},"sceneLighting":false,"audioPlay":false,"sceneViewState":{"showFog":false,"showMaterialUpdate":false,"showSkybox":false,"showFlares":false,"showImageEffects":false,"showParticleSystems":false},"in2DMode":false,"pivot":{"x":0.0,"y":1.2879999876022339,"z":1.5299999713897706},"rotation":{"x":0.33565622568130495,"y":-0.3329445421695709,"z":0.12815257906913758,"w":0.8718309998512268},"size":0.050000011920928958,"orthographic":false}