{"cameraMode":{"drawMode":0,"name":"Shaded","section":"Shading Mode"},"sceneLighting":true,"audioPlay":false,"sceneViewState":{"showFog":false,"showMaterialUpdate":false,"showSkybox":false,"showFlares":false,"showImageEffects":false,"showParticleSystems":false},"in2DMode":false,"pivot":{"x":17.448291778564454,"y":5.023963928222656,"z":1.5458048582077027},"rotation":{"x":-0.4524790942668915,"y":-0.5336964726448059,"z":0.4154922664165497,"w":-0.5812140107154846},"size":0.48831117153167727,"orthographic":false}